{"modifiedDate":"2024-06-28T04:25:37Z","modelEntity":{"createdDate":"2024-06-28T04:25:32Z","modelURL":"Snapshots\/AnimalRecognition%201%20Iteration%2050.mlmodel","id":"FFFBA842-779B-4F7C-A3D6-7D038BA6B800","version":"1.0","preferredFilename":"","experimentID":"31F85369-60CE-4251-A842-6C9593079327","title":"","modifiedDate":"2024-06-28T04:25:32Z"},"state":"trained","createdDate":"2024-06-28T04:25:32Z","title":"Iteration 50","preferredFilename":"AnimalRecognition 1 Iteration 50","contentDataResult":{"createdDate":"2024-06-27T17:56:08Z"},"version":"1.0","evaluationContainerEntity":{"validationEvaluationEntity":{"analysedDataType":"auto","dataResult":{"createdDate":"2024-06-28T04:25:32Z"},"createdDate":"2024-06-28T04:25:32Z","id":"995bd0a8-8733-4ede-ae4f-284a3eb47b8f"},"trainingEvaluationEntity":{"dataResult":{"classesCount":3,"createdDate":"2024-06-28T04:25:32Z","itemsCount":54,"dataURL":"file:\/\/\/Users\/rohanshenoy\/Desktop\/App%20Development\/Training%20Data\/","dataAnalysis":{"classifierAnalysis":{"labelStats":{"Rabbit":18,"Dog":18,"Cat":18}},"summary":{"sampleCount":54,"classCount":3,"canUseValidation":1},"issues":[{"severity":"debug","description":"3 classes found, including Dog, Rabbit, Cat"},{"severity":"good","description":"54 images found, automatically creating validation set"},{"severity":"debug","description":"Smallest class is \"Cat\" with 18 images"},{"severity":"debug","description":"Largest class is \"Dog\" with 18 images"}]},"dataSourceID":"2AE15E87-FCEA-46D2-964E-1482A76BCAAD"},"id":"ea94f0a2-574e-40f7-a1da-f35923ea8ecf","dataSourceID":"2AE15E87-FCEA-46D2-964E-1482A76BCAAD","analysedDataType":"none","createdDate":"2024-06-28T04:25:32Z"},"createdDate":"2024-06-28T04:25:37Z","previewType":"imageClassifier","id":"c6512fbc-7832-4f55-861a-a26ee35c7d11","testingEvaluationEntity":{"dataSourceID":"6F60A713-3041-4BC3-B7B2-64A3CD71A3F2","dataResult":{"itemsCount":18,"createdDate":"2024-06-28T04:25:32Z","dataSourceID":"6F60A713-3041-4BC3-B7B2-64A3CD71A3F2","dataURL":"file:\/\/\/Users\/rohanshenoy\/Desktop\/App%20Development\/TestingData\/","classesCount":3,"dataAnalysis":{"issues":[{"severity":"debug","description":"3 classes found, including Rabbit, Cat, Dog"},{"description":"Less than 50 total images found - add more to improve model validation","severity":"warning"},{"description":"Smallest class is \"Dog\" with 6 images","severity":"debug"},{"description":"Largest class is \"Rabbit\" with 6 images","severity":"debug"}],"summary":{"canUseValidation":0,"classCount":3,"sampleCount":18},"classifierAnalysis":{"labelStats":{"Dog":6,"Cat":6,"Rabbit":6}}}},"createdDate":"2024-06-28T04:25:32Z","id":"88738d34-04fe-4be5-bde6-ef271ab1e2a2","analysedDataType":"datasource"},"modifiedDate":"2024-06-28T04:25:37Z","evaluationEntities":[{"dataResult":{},"analysedDataType":"none","createdDate":"2024-06-28T04:25:37Z","id":"c8bf1b7a-202d-4fc0-b2c3-01f308c79d83"}]},"trainingEntity":{"dataSourceID":"2AE15E87-FCEA-46D2-964E-1482A76BCAAD","startTime":"2024-06-27T17:59:04Z","validationResults":{"imageClassifier":{"confusionMatrix":[{"count":4,"expected":"Cat","actual":"Cat"},{"expected":"Dog","actual":"Dog","count":4},{"count":1,"actual":"Rabbit","expected":"Dog"},{"count":3,"actual":"Rabbit","expected":"Rabbit"}],"accuracy":0.9166666666666666,"statsByLabel":{"Cat":{"precisionRecall":{"success":{"precision":1,"recall":1}},"count":4},"Dog":{"precisionRecall":{"success":{"recall":1,"precision":0.8}},"count":4},"Rabbit":{"precisionRecall":{"success":{"recall":0.75,"precision":1}},"count":4}}}},"resumableCheckpoint":{"iteration":50,"checkpointURL":"file:\/\/\/Users\/rohanshenoy\/Library\/Caches\/com.apple.dt.createml\/projects\/39C31AC9-5928-4C73-8F5F-1A9C0A57728Ade5d81a37e60aa51f5ffa7ffc979516555efebe6\/sessions\/checkpoint.sessions\/31F85369-60CE-4251-A842-6C9593079327\/training-000000050.checkpoint","createdDate":"2024-06-27T17:59:04Z"},"finishTime":"2024-06-27T17:59:04Z","checkpointMetrics":{"50":{"iteration":50,"createdDate":"2024-06-27T17:59:04Z","metrics":{}},"25":{"iteration":25,"createdDate":"2024-06-27T17:58:40Z","metrics":{}}},"dataResult":{"itemsCount":54,"dataAnalysis":{"issues":[{"description":"3 classes found, including Dog, Rabbit, Cat","severity":"debug"},{"description":"54 images found, automatically creating validation set","severity":"good"},{"severity":"debug","description":"Smallest class is \"Cat\" with 18 images"},{"severity":"debug","description":"Largest class is \"Dog\" with 18 images"}],"classifierAnalysis":{"labelStats":{"Rabbit":18,"Cat":18,"Dog":18}},"summary":{"classCount":3,"canUseValidation":1,"sampleCount":54}},"createdDate":"2024-06-28T04:25:32Z","classesCount":3,"dataSourceID":"2AE15E87-FCEA-46D2-964E-1482A76BCAAD","dataURL":"file:\/\/\/Users\/rohanshenoy\/Desktop\/App%20Development\/Training%20Data\/"},"featureExtractionCheckpointMayBeAvailable":false,"validationAccuracy":0.9166666666666666,"analysedDataType":"datasource","trainingAccuracy":1,"progress":[{"icTrainingColumnHeader":{"iterationCount":2,"elapsedTime":0.006592988967895508,"trainingAccuracy":1,"validationAccuracy":1,"hasValidation":true},"count":2,"isLast":false,"currentRowIndex":0,"percentComplete":0,"tableDone":false,"tableIndex":0},{"count":3,"tableIndex":0,"tableDone":false,"icTrainingColumnHeader":{"hasValidation":true,"iterationCount":3,"trainingAccuracy":1,"elapsedTime":0.008481979370117188,"validationAccuracy":1},"currentRowIndex":0,"percentComplete":0,"isLast":false},{"count":4,"percentComplete":0,"tableDone":false,"isLast":false,"currentRowIndex":0,"tableIndex":0,"icTrainingColumnHeader":{"validationAccuracy":1,"hasValidation":true,"trainingAccuracy":1,"elapsedTime":0.011654019355773926,"iterationCount":4}},{"icTrainingColumnHeader":{"elapsedTime":0.014782071113586426,"validationAccuracy":1,"trainingAccuracy":1,"iterationCount":5,"hasValidation":true},"currentRowIndex":0,"isLast":false,"count":5,"percentComplete":0,"tableIndex":1,"tableDone":false},{"currentRowIndex":0,"isLast":false,"tableDone":true,"icTrainingColumnHeader":{"iterationCount":6,"elapsedTime":0.0182420015335083,"hasValidation":true,"trainingAccuracy":1,"validationAccuracy":0.9166666666666666},"tableIndex":1,"count":6,"percentComplete":0},{"isLast":false,"currentRowIndex":0,"tableIndex":0,"percentComplete":0,"icTrainingColumnHeader":{"elapsedTime":0.03039395809173584,"hasValidation":true,"trainingAccuracy":1,"validationAccuracy":1,"iterationCount":8},"tableDone":true,"count":8},{"tableDone":false,"percentComplete":0,"count":10,"isLast":false,"currentRowIndex":0,"tableIndex":0},{"percentComplete":0,"count":15,"tableDone":false,"tableIndex":0,"currentRowIndex":0,"isLast":false},{"isLast":false,"percentComplete":0,"count":20,"tableIndex":0,"currentRowIndex":0,"tableDone":false},{"currentRowIndex":0,"percentComplete":0,"isLast":false,"tableDone":false,"count":25,"tableIndex":0},{"currentRowIndex":0,"tableDone":false,"isLast":false,"percentComplete":0,"tableIndex":0,"count":30},{"tableIndex":0,"currentRowIndex":0,"isLast":false,"percentComplete":0,"tableDone":false,"count":35},{"currentRowIndex":0,"tableDone":false,"count":40,"percentComplete":0,"isLast":false,"tableIndex":0},{"currentRowIndex":0,"percentComplete":0,"tableIndex":0,"isLast":false,"tableDone":false,"count":45},{"percentComplete":0,"count":50,"currentRowIndex":0,"tableDone":false,"tableIndex":0,"isLast":false}],"snapshottableCheckpoints":{"50":{"createdDate":"2024-06-27T17:59:04Z","iteration":50,"modelURL":"file:\/\/\/Users\/rohanshenoy\/Library\/Caches\/com.apple.dt.createml\/projects\/39C31AC9-5928-4C73-8F5F-1A9C0A57728Ade5d81a37e60aa51f5ffa7ffc979516555efebe6\/sessions\/checkpoint.sessions\/31F85369-60CE-4251-A842-6C9593079327\/training-000000050.checkpoint.model\/checkpointModel.mlmodel"}},"trainingResults":{"imageClassifier":{"statsByLabel":{"Rabbit":{"count":32,"precisionRecall":{"success":{"recall":1,"precision":1}}},"Cat":{"count":32,"precisionRecall":{"success":{"recall":1,"precision":1}}},"Dog":{"count":32,"precisionRecall":{"success":{"recall":1,"precision":1}}}},"confusionMatrix":[{"actual":"Cat","expected":"Cat","count":32},{"actual":"Dog","expected":"Dog","count":32},{"expected":"Rabbit","count":32,"actual":"Rabbit"}],"accuracy":1}}},"validationEntity":{"dataResult":{"createdDate":"2024-06-28T04:25:32Z"},"analysedDataType":"auto"},"id":"42C5A869-FDB6-4CB7-93CC-5ADF171311DC","settingEntity":{"augmentations":["addNoise"],"harVideoAugmentations":0,"handActionClassifierAugmentations":[],"styleTransferAlgorithmType":"image","algorithmType":"maxEnt","transferLearningEmbeddingType":"dynamic","featureExtractorType":"scenePrintV2","handPoseClassifierAugmentations":[],"taskType":"imageClassifier","iterationCount":45,"featureNames":[],"seedType":"default"},"activityEntities":["trainingFinished",[{"createdDate":"2024-06-27T17:59:04Z","id":"9D328EE2-A802-4A3B-84D7-B41002A75CBC","subtitle":"Model converged at 8 iterations","event":"trainingFinished","title":"Training Completed"}],"trainingExtended",[{"subtitle":"20 more iterations","event":"trainingExtended","title":"Training Extended","createdDate":"2024-06-27T17:59:04Z","id":"3C126020-95A1-4005-82C8-08B6627AE1EC"}],"trainingStarted",[{"subtitle":"25 iterations","event":"trainingStarted","createdDate":"2024-06-27T17:58:38Z","title":"Training Started","id":"496ECC1E-D935-47A3-819B-FF69AEAC5D2F"}],"trainingDataAdded",[{"subtitle":"Training Data","title":"Training Data Added","createdDate":"2024-06-27T17:56:43Z","id":"076B9B7F-B015-4E6F-A2CB-F15D6DA113D5","event":"trainingDataAdded"}],"experimentCreated",[{"subtitle":"AnimalRecognition 1","event":"experimentCreated","title":"Model Source Created","createdDate":"2024-06-27T17:56:08Z","id":"9281808B-C99E-4D36-B891-CEB7D7D8E446"}],"snapshotDeleted",[{"id":"80B866DC-FAD7-4036-82A2-38C06F3F661B","event":"snapshotDeleted","createdDate":"2024-06-27T18:04:32Z","title":"Snapshot Deleted","subtitle":"Snapshot at iteration 25 deleted"}],"evaluationFinished",[{"event":"evaluationFinished","id":"0EFA2FE3-2602-4EBE-835D-77652C9877DA","title":"Testing Completed","subtitle":"AnimalRecognition 1","createdDate":"2024-06-27T17:58:42Z"},{"id":"D564CAF8-8422-47B7-BBA8-A21C465DA079","title":"Testing Completed","subtitle":"AnimalRecognition 1","event":"evaluationFinished","createdDate":"2024-06-27T17:59:07Z"}],"evaluationStarted",[{"title":"Testing Started","subtitle":"AnimalRecognition 1","id":"346CDEE3-9911-4C2E-B9E4-805831B0D136","createdDate":"2024-06-27T17:58:42Z","event":"evaluationStarted"},{"subtitle":"AnimalRecognition 1","id":"839C947E-6F4D-43F3-814A-90412C3A1870","createdDate":"2024-06-27T17:59:06Z","event":"evaluationStarted","title":"Testing Started"}],"snapshotCreated",[{"id":"9EF742EA-E521-4846-8A82-5B5559CECD72","event":"snapshotCreated","title":"Snapshot Saved","subtitle":"Snapshot created at iteration 25","createdDate":"2024-06-27T17:59:04Z"}]],"evaluationState":"ready","snapshotRole":{"snapshotIteration":50,"snapshotParent":"31F85369-60CE-4251-A842-6C9593079327"},"evaluationEntity":{"id":"917f8079-0e91-46e6-9f59-93317f8227ed","dataResult":{},"analysedDataType":"none"}}