{"dataURL":"file:\/\/\/Users\/rohanshenoy\/Desktop\/App%20Development\/TestingData\/","modifiedDate":"2024-06-28T04:37:56Z","experimentIDs":["31F85369-60CE-4251-A842-6C9593079327","E2804C82-E76E-4E50-858B-12A1EFB3AB24","42C5A869-FDB6-4CB7-93CC-5ADF171311DC"],"dataResult":{"dataAnalysis":{"classifierAnalysis":{"labelStats":{"Dog":6,"Cat":6,"Rabbit":6}},"issues":[{"description":"3 classes found, including Dog, Rabbit, Cat","severity":"debug"},{"severity":"warning","description":"Less than 50 total images found - add more to improve model validation"},{"description":"Smallest class is \"Cat\" with 6 images","severity":"debug"},{"description":"Largest class is \"Dog\" with 6 images","severity":"debug"}],"summary":{"canUseValidation":0,"classCount":3,"sampleCount":18}},"dataURL":"file:\/\/\/Users\/rohanshenoy\/Desktop\/App%20Development\/TestingData\/","createdDate":"2024-06-27T17:56:59Z","dataSourceID":"6F60A713-3041-4BC3-B7B2-64A3CD71A3F2","classesCount":3,"itemsCount":18},"createdDate":"2024-06-27T17:56:59Z","dataPathRelativeToProjectURL":"..\/TestingData\/","pathType":0,"preferredFilename":"TestingData","version":"1.0","id":"6F60A713-3041-4BC3-B7B2-64A3CD71A3F2","activityEntities":["dataSourceCreated",[{"title":"Data Source Created","subtitle":"TestingData","createdDate":"2024-06-27T17:56:59Z","event":"dataSourceCreated","id":"BD0A3590-3CFD-47E4-81BF-45EA5AAC316D"}]],"title":"TestingData"}