{"dataURL":"file:\/\/\/Users\/rohanshenoy\/Desktop\/App%20Development\/Training%20Data\/","modifiedDate":"2024-06-28T04:48:37Z","experimentIDs":["31F85369-60CE-4251-A842-6C9593079327"],"dataResult":{"dataAnalysis":{"summary":{"canUseValidation":1,"sampleCount":54,"classCount":3},"issues":[{"description":"3 classes found, including Rabbit, Cat, Dog","severity":"debug"},{"description":"54 images found, automatically creating validation set","severity":"good"},{"description":"Smallest class is \"Dog\" with 18 images","severity":"debug"},{"severity":"debug","description":"Largest class is \"Rabbit\" with 18 images"}],"classifierAnalysis":{"labelStats":{"Rabbit":18,"Cat":18,"Dog":18}}},"dataURL":"file:\/\/\/Users\/rohanshenoy\/Desktop\/App%20Development\/Training%20Data\/","dataSourceID":"2AE15E87-FCEA-46D2-964E-1482A76BCAAD","createdDate":"2024-06-27T17:56:43Z","classesCount":3,"itemsCount":54},"createdDate":"2024-06-27T17:56:43Z","dataPathRelativeToProjectURL":"..\/Training%20Data\/","pathType":0,"preferredFilename":"Training Data","version":"1.0","id":"2AE15E87-FCEA-46D2-964E-1482A76BCAAD","activityEntities":["dataSourceMetrics",[{"id":"7119429C-8058-425F-B554-B32319E52D20","createdDate":"2024-06-27T17:58:38Z","event":"dataSourceMetrics","title":"Data Summary","subtitle":"3 Classes, 54 Items"},{"id":"B21E2701-9AC5-4AB2-A362-FBA3FF49449F","event":"dataSourceMetrics","subtitle":"3 Classes, 54 Items","createdDate":"2024-06-27T17:59:04Z","title":"Data Summary"},{"title":"Data Summary","id":"8DF611FD-BEC7-4D14-BABA-2B631E18F72D","subtitle":"3 Classes, 54 Items","event":"dataSourceMetrics","createdDate":"2024-06-28T04:25:32Z"}],"dataSourceTrainingStarted",[{"title":"Used By","subtitle":"AnimalRecognition 1","createdDate":"2024-06-27T17:58:38Z","event":"dataSourceTrainingStarted","id":"E942FEF1-284C-4E97-9B3D-2E768EF0D7FC"},{"title":"Used By","subtitle":"AnimalRecognition 1","id":"2FD05DFB-F4C0-4FDD-8A9C-2B68855A5BFD","createdDate":"2024-06-27T17:59:04Z","event":"dataSourceTrainingStarted"},{"id":"CBDE5291-9D83-4A48-9A3E-7B87F7B97F82","title":"Used By","subtitle":"AnimalRecognition 1","event":"dataSourceTrainingStarted","createdDate":"2024-06-28T04:25:32Z"}],"dataSourceCreated",[{"event":"dataSourceCreated","id":"DAD78858-2995-4334-8219-02C66DF6B889","title":"Data Source Created","subtitle":"Training Data","createdDate":"2024-06-27T17:56:43Z"}]],"title":"Training Data"}