[{"annotation":"Dog","featureShape":[768]},{"annotation":"Dog","featureShape":[768]},{"featureShape":[768],"annotation":"Dog"},{"featureShape":[768],"annotation":"Dog"},{"featureShape":[768],"annotation":"Dog"},{"featureShape":[768],"annotation":"Dog"},{"featureShape":[768],"annotation":"Dog"},{"annotation":"Dog","featureShape":[768]},{"featureShape":[768],"annotation":"Dog"},{"featureShape":[768],"annotation":"Dog"},{"featureShape":[768],"annotation":"Dog"},{"featureShape":[768],"annotation":"Dog"},{"featureShape":[768],"annotation":"Dog"},{"featureShape":[768],"annotation":"Dog"},{"annotation":"Dog","featureShape":[768]},{"featureShape":[768],"annotation":"Dog"},{"annotation":"Dog","featureShape":[768]},{"featureShape":[768],"annotation":"Dog"},{"annotation":"Dog","featureShape":[768]},{"annotation":"Dog","featureShape":[768]},{"annotation":"Dog","featureShape":[768]},{"featureShape":[768],"annotation":"Dog"},{"annotation":"Dog","featureShape":[768]},{"featureShape":[768],"annotation":"Dog"},{"featureShape":[768],"annotation":"Dog"},{"featureShape":[768],"annotation":"Dog"},{"annotation":"Dog","featureShape":[768]},{"featureShape":[768],"annotation":"Dog"},{"featureShape":[768],"annotation":"Dog"},{"annotation":"Dog","featureShape":[768]},{"featureShape":[768],"annotation":"Dog"},{"featureShape":[768],"annotation":"Dog"},{"featureShape":[768],"annotation":"Dog"},{"featureShape":[768],"annotation":"Rabbit"},{"featureShape":[768],"annotation":"Rabbit"},{"featureShape":[768],"annotation":"Dog"},{"annotation":"Dog","featureShape":[768]},{"featureShape":[768],"annotation":"Rabbit"},{"annotation":"Dog","featureShape":[768]},{"annotation":"Rabbit","featureShape":[768]},{"featureShape":[768],"annotation":"Rabbit"},{"annotation":"Rabbit","featureShape":[768]},{"featureShape":[768],"annotation":"Rabbit"},{"featureShape":[768],"annotation":"Rabbit"},{"featureShape":[768],"annotation":"Rabbit"},{"annotation":"Rabbit","featureShape":[768]},{"annotation":"Rabbit","featureShape":[768]},{"featureShape":[768],"annotation":"Rabbit"},{"featureShape":[768],"annotation":"Rabbit"},{"annotation":"Rabbit","featureShape":[768]},{"featureShape":[768],"annotation":"Rabbit"},{"featureShape":[768],"annotation":"Rabbit"},{"featureShape":[768],"annotation":"Rabbit"},{"annotation":"Rabbit","featureShape":[768]},{"featureShape":[768],"annotation":"Rabbit"},{"featureShape":[768],"annotation":"Rabbit"},{"annotation":"Rabbit","featureShape":[768]},{"featureShape":[768],"annotation":"Rabbit"},{"featureShape":[768],"annotation":"Rabbit"},{"annotation":"Rabbit","featureShape":[768]},{"featureShape":[768],"annotation":"Rabbit"},{"featureShape":[768],"annotation":"Rabbit"},{"featureShape":[768],"annotation":"Rabbit"},{"featureShape":[768],"annotation":"Rabbit"},{"annotation":"Rabbit","featureShape":[768]},{"annotation":"Rabbit","featureShape":[768]},{"featureShape":[768],"annotation":"Rabbit"},{"featureShape":[768],"annotation":"Rabbit"},{"featureShape":[768],"annotation":"Rabbit"},{"featureShape":[768],"annotation":"Rabbit"},{"featureShape":[768],"annotation":"Rabbit"},{"featureShape":[768],"annotation":"Cat"},{"annotation":"Cat","featureShape":[768]},{"annotation":"Cat","featureShape":[768]},{"annotation":"Cat","featureShape":[768]},{"annotation":"Cat","featureShape":[768]},{"featureShape":[768],"annotation":"Cat"},{"featureShape":[768],"annotation":"Rabbit"},{"annotation":"Cat","featureShape":[768]},{"annotation":"Cat","featureShape":[768]},{"featureShape":[768],"annotation":"Cat"},{"featureShape":[768],"annotation":"Cat"},{"annotation":"Cat","featureShape":[768]},{"annotation":"Cat","featureShape":[768]},{"annotation":"Cat","featureShape":[768]},{"featureShape":[768],"annotation":"Cat"},{"annotation":"Cat","featureShape":[768]},{"featureShape":[768],"annotation":"Cat"},{"featureShape":[768],"annotation":"Cat"},{"featureShape":[768],"annotation":"Cat"},{"featureShape":[768],"annotation":"Cat"},{"annotation":"Cat","featureShape":[768]},{"annotation":"Cat","featureShape":[768]},{"featureShape":[768],"annotation":"Cat"},{"annotation":"Cat","featureShape":[768]},{"featureShape":[768],"annotation":"Cat"},{"featureShape":[768],"annotation":"Cat"},{"featureShape":[768],"annotation":"Cat"},{"featureShape":[768],"annotation":"Cat"},{"featureShape":[768],"annotation":"Cat"},{"annotation":"Cat","featureShape":[768]},{"featureShape":[768],"annotation":"Cat"},{"featureShape":[768],"annotation":"Cat"},{"annotation":"Cat","featureShape":[768]},{"annotation":"Cat","featureShape":[768]},{"featureShape":[768],"annotation":"Cat"},{"annotation":"Cat","featureShape":[768]},{"annotation":"Cat","featureShape":[768]}]