{"modifiedDate":"2024-06-28T04:55:22Z","modelEntity":{"experimentID":"31F85369-60CE-4251-A842-6C9593079327","modifiedDate":"2024-06-27T17:56:08Z","id":"48B0562B-A010-4CCB-9953-82990986DEAE","preferredFilename":"","modelURL":"Models\/AnimalRecognition%201.mlmodel","version":"1.0","title":"","createdDate":"2024-06-27T17:56:08Z"},"state":"trained","createdDate":"2024-06-27T17:56:08Z","title":"AnimalRecognition 1","preferredFilename":"AnimalRecognition 1","contentDataResult":{"createdDate":"2024-06-27T17:56:08Z"},"version":"1.0","evaluationContainerEntity":{"validationEvaluationEntity":{"dataResult":{"createdDate":"2024-06-27T17:56:08Z"},"analysedDataType":"auto","evaluationResult":{"imageClassifier":{"accuracy":0.9166666666666666,"statsByLabel":{"Rabbit":{"count":4,"precisionRecall":{"success":{"precision":1,"recall":0.75}}},"Cat":{"count":4,"precisionRecall":{"success":{"precision":1,"recall":1}}},"Dog":{"count":4,"precisionRecall":{"success":{"recall":1,"precision":0.8}}}},"confusionMatrix":[{"count":4,"actual":"Cat","expected":"Cat"},{"count":4,"expected":"Dog","actual":"Dog"},{"expected":"Dog","count":1,"actual":"Rabbit"},{"expected":"Rabbit","count":3,"actual":"Rabbit"}]}},"id":"6c56de8b-ee3e-44d9-a5cf-3fa71e6203cb","createdDate":"2024-06-27T17:56:08Z"},"id":"922a1b0c-3248-49bb-9a7a-a6282dff9420","createdDate":"2024-06-28T04:55:22Z","previewType":"imageClassifier","modifiedDate":"2024-06-28T04:55:22Z","trainingEvaluationEntity":{"analysedDataType":"none","id":"592c3699-0baa-4dcc-9621-f6c0daba796b","createdDate":"2024-06-27T17:56:08Z","dataSourceID":"2AE15E87-FCEA-46D2-964E-1482A76BCAAD","evaluationResult":{"imageClassifier":{"confusionMatrix":[{"actual":"Cat","expected":"Cat","count":32},{"expected":"Dog","count":32,"actual":"Dog"},{"actual":"Rabbit","count":32,"expected":"Rabbit"}],"statsByLabel":{"Cat":{"precisionRecall":{"success":{"precision":1,"recall":1}},"count":32},"Dog":{"count":32,"precisionRecall":{"success":{"precision":1,"recall":1}}},"Rabbit":{"count":32,"precisionRecall":{"success":{"precision":1,"recall":1}}}},"accuracy":1}},"dataResult":{"classesCount":3,"createdDate":"2024-06-27T17:56:08Z","dataSourceID":"2AE15E87-FCEA-46D2-964E-1482A76BCAAD","dataURL":"file:\/\/\/Users\/rohanshenoy\/Desktop\/App%20Development\/Training%20Data\/","dataAnalysis":{"classifierAnalysis":{"labelStats":{"Dog":18,"Rabbit":18,"Cat":18}},"summary":{"canUseValidation":1,"classCount":3,"sampleCount":54},"issues":[{"description":"3 classes found, including Dog, Rabbit, Cat","severity":"debug"},{"description":"54 images found, automatically creating validation set","severity":"good"},{"severity":"debug","description":"Smallest class is \"Cat\" with 18 images"},{"severity":"debug","description":"Largest class is \"Dog\" with 18 images"}]},"itemsCount":54}},"evaluationEntities":[],"testingEvaluationEntity":{"createdDate":"2024-06-27T17:56:08Z","finishTime":"2024-06-28T04:25:35Z","id":"e069673c-4fb0-4d98-b205-54cdc84efe7a","evaluationResult":{"imageClassifier":{"statsByLabel":{"Rabbit":{"count":6,"precisionRecall":{"success":{"precision":0.8571428571428571,"recall":1}}},"Cat":{"precisionRecall":{"success":{"recall":0.8333333333333334,"precision":1}},"count":6},"Dog":{"precisionRecall":{"success":{"precision":1,"recall":1}},"count":6}},"detail":{"predictions":{"Dog":[{"falsePositive":{}},[],{"falseNegative":{}},[],{"truePositive":{}},[{"predicted":"Dog","predictions":{"Cat":2.2648814e-13,"Dog":1,"Rabbit":5.634674e-20},"actual":"Dog","url":"file:\/\/\/Users\/rohanshenoy\/Desktop\/App%20Development\/TestingData\/Dog\/images-3.jpeg"},{"predicted":"Dog","predictions":{"Cat":9.917845e-07,"Dog":0.999999,"Rabbit":5.2314413e-11},"url":"file:\/\/\/Users\/rohanshenoy\/Desktop\/App%20Development\/TestingData\/Dog\/images.jpeg","actual":"Dog"},{"predictions":{"Dog":1,"Cat":2.8482641e-15,"Rabbit":7.258296e-22},"url":"file:\/\/\/Users\/rohanshenoy\/Desktop\/App%20Development\/TestingData\/Dog\/images-2.jpeg","predicted":"Dog","actual":"Dog"},{"predicted":"Dog","predictions":{"Cat":2.9142823e-12,"Dog":1,"Rabbit":3.2426218e-18},"actual":"Dog","url":"file:\/\/\/Users\/rohanshenoy\/Desktop\/App%20Development\/TestingData\/Dog\/images-5.jpeg"},{"url":"file:\/\/\/Users\/rohanshenoy\/Desktop\/App%20Development\/TestingData\/Dog\/images-4.jpeg","actual":"Dog","predictions":{"Dog":1,"Rabbit":3.4398688e-19,"Cat":9.673201e-12},"predicted":"Dog"},{"predicted":"Dog","predictions":{"Cat":1.0239044e-07,"Rabbit":8.2449374e-14,"Dog":0.9999999},"url":"file:\/\/\/Users\/rohanshenoy\/Desktop\/App%20Development\/TestingData\/Dog\/images-1.jpeg","actual":"Dog"}]],"Rabbit":[{"truePositive":{}},[{"predicted":"Rabbit","actual":"Rabbit","url":"file:\/\/\/Users\/rohanshenoy\/Desktop\/App%20Development\/TestingData\/Rabbit\/images-3.jpeg","predictions":{"Rabbit":1,"Cat":1.6819513e-15,"Dog":1.91494e-23}},{"actual":"Rabbit","predictions":{"Rabbit":1,"Dog":1.7312197e-20,"Cat":2.8065718e-12},"url":"file:\/\/\/Users\/rohanshenoy\/Desktop\/App%20Development\/TestingData\/Rabbit\/images.jpeg","predicted":"Rabbit"},{"predicted":"Rabbit","url":"file:\/\/\/Users\/rohanshenoy\/Desktop\/App%20Development\/TestingData\/Rabbit\/images-2.jpeg","actual":"Rabbit","predictions":{"Dog":2.6463416e-21,"Rabbit":1,"Cat":3.3274571e-15}},{"predicted":"Rabbit","url":"file:\/\/\/Users\/rohanshenoy\/Desktop\/App%20Development\/TestingData\/Rabbit\/images-5.jpeg","actual":"Rabbit","predictions":{"Rabbit":1,"Cat":2.3843918e-13,"Dog":8.3896427e-19}},{"actual":"Rabbit","url":"file:\/\/\/Users\/rohanshenoy\/Desktop\/App%20Development\/TestingData\/Rabbit\/images-4.jpeg","predictions":{"Dog":1.9099194e-07,"Cat":0.00026224842,"Rabbit":0.99973756},"predicted":"Rabbit"},{"predictions":{"Rabbit":1,"Dog":6.916311e-21,"Cat":2.0980493e-14},"predicted":"Rabbit","url":"file:\/\/\/Users\/rohanshenoy\/Desktop\/App%20Development\/TestingData\/Rabbit\/images-1.jpeg","actual":"Rabbit"}],{"falseNegative":{}},[],{"falsePositive":{}},[{"url":"file:\/\/\/Users\/rohanshenoy\/Desktop\/App%20Development\/TestingData\/Cat\/images-2.jpeg","predictions":{"Rabbit":0.5573238,"Dog":1.1052338e-08,"Cat":0.4426762},"actual":"Cat","predicted":"Rabbit"}]],"Cat":[{"truePositive":{}},[{"url":"file:\/\/\/Users\/rohanshenoy\/Desktop\/App%20Development\/TestingData\/Cat\/images-3.jpeg","predicted":"Cat","actual":"Cat","predictions":{"Rabbit":5.3655947e-07,"Cat":0.9999959,"Dog":3.5700225e-06}},{"predicted":"Cat","predictions":{"Dog":2.1527808e-06,"Rabbit":1.4707786e-09,"Cat":0.99999785},"url":"file:\/\/\/Users\/rohanshenoy\/Desktop\/App%20Development\/TestingData\/Cat\/images.jpeg","actual":"Cat"},{"predicted":"Cat","actual":"Cat","url":"file:\/\/\/Users\/rohanshenoy\/Desktop\/App%20Development\/TestingData\/Cat\/images-5.jpeg","predictions":{"Rabbit":1.0719814e-08,"Dog":2.029565e-06,"Cat":0.999998}},{"url":"file:\/\/\/Users\/rohanshenoy\/Desktop\/App%20Development\/TestingData\/Cat\/images-4.jpeg","predicted":"Cat","predictions":{"Dog":1.3217034e-07,"Rabbit":5.421439e-09,"Cat":0.9999999},"actual":"Cat"},{"url":"file:\/\/\/Users\/rohanshenoy\/Desktop\/App%20Development\/TestingData\/Cat\/images-1.jpeg","predicted":"Cat","actual":"Cat","predictions":{"Rabbit":1.4693716e-09,"Cat":0.99999994,"Dog":3.750132e-08}}],{"falseNegative":{}},[{"predicted":"Rabbit","url":"file:\/\/\/Users\/rohanshenoy\/Desktop\/App%20Development\/TestingData\/Cat\/images-2.jpeg","actual":"Cat","predictions":{"Dog":1.1052338e-08,"Rabbit":0.5573238,"Cat":0.4426762}}],{"falsePositive":{}},[]]}},"confusionMatrix":[{"count":5,"actual":"Cat","expected":"Cat"},{"actual":"Cat","count":1,"expected":"Rabbit"},{"expected":"Dog","actual":"Dog","count":6},{"actual":"Rabbit","expected":"Rabbit","count":6}],"accuracy":0.9444444444444444}},"startTime":"2024-06-28T04:25:34Z","dataSourceID":"6F60A713-3041-4BC3-B7B2-64A3CD71A3F2","accuracy":0.9444444444444444,"analysedDataType":"datasource","dataResult":{"dataURL":"file:\/\/\/Users\/rohanshenoy\/Desktop\/App%20Development\/TestingData\/","itemsCount":18,"classesCount":3,"dataSourceID":"6F60A713-3041-4BC3-B7B2-64A3CD71A3F2","dataAnalysis":{"issues":[{"severity":"debug","description":"3 classes found, including Dog, Rabbit, Cat"},{"description":"Less than 50 total images found - add more to improve model validation","severity":"warning"},{"severity":"debug","description":"Smallest class is \"Cat\" with 6 images"},{"severity":"debug","description":"Largest class is \"Dog\" with 6 images"}],"classifierAnalysis":{"labelStats":{"Dog":6,"Rabbit":6,"Cat":6}},"summary":{"canUseValidation":0,"classCount":3,"sampleCount":18}},"createdDate":"2024-06-27T17:56:08Z"}}},"trainingEntity":{"dataSourceID":"2AE15E87-FCEA-46D2-964E-1482A76BCAAD","startTime":"2024-06-28T04:25:32Z","validationResults":{"imageClassifier":{"accuracy":0.9166666666666666,"confusionMatrix":[{"actual":"Cat","count":4,"expected":"Cat"},{"actual":"Dog","expected":"Dog","count":4},{"count":1,"expected":"Dog","actual":"Rabbit"},{"actual":"Rabbit","expected":"Rabbit","count":3}],"statsByLabel":{"Dog":{"count":4,"precisionRecall":{"success":{"recall":1,"precision":0.8}}},"Cat":{"count":4,"precisionRecall":{"success":{"recall":1,"precision":1}}},"Rabbit":{"count":4,"precisionRecall":{"success":{"recall":0.75,"precision":1}}}}}},"resumableCheckpoint":{"checkpointURL":"file:\/\/\/Users\/rohanshenoy\/Library\/Caches\/com.apple.dt.createml\/projects\/39C31AC9-5928-4C73-8F5F-1A9C0A57728Ade5d81a37e60aa51f5ffa7ffc979516555efebe6\/sessions\/checkpoint.sessions\/31F85369-60CE-4251-A842-6C9593079327\/training-000000075.checkpoint","iteration":75,"createdDate":"2024-06-28T04:25:32Z"},"finishTime":"2024-06-28T04:25:32Z","resumableCheckpointURL":"Checkpoints\/31F85369-60CE-4251-A842-6C9593079327.AnimalRecognition1.checkpoint","snapshottableCheckpointModelURL":"Checkpoints\/31F85369-60CE-4251-A842-6C9593079327.AnimalRecognition1.checkpoint\/training-000000075.checkpoint.model\/checkpointModel.mlmodel","checkpointMetrics":{"50":{"iteration":50,"metrics":{},"createdDate":"2024-06-27T17:59:04Z"},"25":{"metrics":{},"createdDate":"2024-06-27T17:58:40Z","iteration":25},"75":{"createdDate":"2024-06-28T04:25:32Z","iteration":75,"metrics":{}}},"dataResult":{"dataAnalysis":{"classifierAnalysis":{"labelStats":{"Cat":18,"Dog":18,"Rabbit":18}},"summary":{"classCount":3,"sampleCount":54,"canUseValidation":1},"issues":[{"severity":"debug","description":"3 classes found, including Dog, Rabbit, Cat"},{"severity":"good","description":"54 images found, automatically creating validation set"},{"description":"Smallest class is \"Cat\" with 18 images","severity":"debug"},{"description":"Largest class is \"Dog\" with 18 images","severity":"debug"}]},"dataSourceID":"2AE15E87-FCEA-46D2-964E-1482A76BCAAD","dataURL":"file:\/\/\/Users\/rohanshenoy\/Desktop\/App%20Development\/Training%20Data\/","createdDate":"2024-06-27T17:56:08Z","itemsCount":54,"classesCount":3},"featureExtractionCheckpointMayBeAvailable":false,"validationAccuracy":0.9166666666666666,"analysedDataType":"datasource","trainingAccuracy":1,"snapshottableCheckpoints":{"75":{"modelURL":"file:\/\/\/Users\/rohanshenoy\/Library\/Caches\/com.apple.dt.createml\/projects\/39C31AC9-5928-4C73-8F5F-1A9C0A57728Ade5d81a37e60aa51f5ffa7ffc979516555efebe6\/sessions\/checkpoint.sessions\/31F85369-60CE-4251-A842-6C9593079327\/training-000000075.checkpoint.model\/checkpointModel.mlmodel","createdDate":"2024-06-28T04:25:32Z","iteration":75}},"progress":[{"tableDone":false,"isLast":false,"currentRowIndex":0,"tableIndex":0,"percentComplete":0,"icTrainingColumnHeader":{"hasValidation":true,"iterationCount":2,"trainingAccuracy":1,"elapsedTime":0.02440500259399414,"validationAccuracy":1},"count":2},{"count":3,"tableIndex":0,"tableDone":false,"icTrainingColumnHeader":{"iterationCount":3,"elapsedTime":0.02680206298828125,"trainingAccuracy":1,"validationAccuracy":1,"hasValidation":true},"currentRowIndex":0,"percentComplete":0,"isLast":false},{"icTrainingColumnHeader":{"hasValidation":true,"trainingAccuracy":1,"validationAccuracy":1,"iterationCount":4,"elapsedTime":0.02987205982208252},"count":4,"isLast":false,"currentRowIndex":0,"percentComplete":0,"tableDone":false,"tableIndex":0},{"tableDone":false,"count":5,"currentRowIndex":0,"percentComplete":0,"isLast":false,"icTrainingColumnHeader":{"hasValidation":true,"elapsedTime":0.032894015312194824,"iterationCount":5,"trainingAccuracy":1,"validationAccuracy":1},"tableIndex":0},{"icTrainingColumnHeader":{"iterationCount":6,"validationAccuracy":0.9166666666666666,"elapsedTime":0.036216020584106445,"trainingAccuracy":1,"hasValidation":true},"currentRowIndex":0,"isLast":false,"count":6,"percentComplete":0,"tableIndex":0,"tableDone":true},{"count":8,"percentComplete":0,"tableDone":true,"isLast":false,"currentRowIndex":0,"tableIndex":0,"icTrainingColumnHeader":{"elapsedTime":0.03039395809173584,"iterationCount":8,"hasValidation":true,"trainingAccuracy":1,"validationAccuracy":1}},{"tableDone":false,"percentComplete":0,"count":10,"isLast":false,"currentRowIndex":0,"tableIndex":0},{"currentRowIndex":0,"percentComplete":0,"tableIndex":0,"isLast":false,"tableDone":false,"count":15},{"tableDone":false,"currentRowIndex":0,"count":20,"percentComplete":0,"isLast":false,"tableIndex":0},{"tableIndex":0,"currentRowIndex":0,"isLast":false,"percentComplete":0,"tableDone":false,"count":25},{"currentRowIndex":0,"tableDone":false,"isLast":false,"percentComplete":0,"tableIndex":0,"count":30},{"currentRowIndex":0,"percentComplete":0,"isLast":false,"tableDone":false,"count":35,"tableIndex":0},{"isLast":false,"percentComplete":0,"count":40,"tableIndex":0,"currentRowIndex":0,"tableDone":false},{"percentComplete":0,"count":45,"tableDone":false,"tableIndex":0,"currentRowIndex":0,"isLast":false},{"tableDone":false,"percentComplete":0,"tableIndex":0,"isLast":false,"currentRowIndex":0,"count":50},{"currentRowIndex":0,"tableIndex":0,"isLast":false,"count":54,"percentComplete":0,"tableDone":true}],"trainingResults":{"imageClassifier":{"accuracy":1,"confusionMatrix":[{"actual":"Cat","expected":"Cat","count":32},{"count":32,"actual":"Dog","expected":"Dog"},{"count":32,"actual":"Rabbit","expected":"Rabbit"}],"statsByLabel":{"Rabbit":{"count":32,"precisionRecall":{"success":{"recall":1,"precision":1}}},"Dog":{"precisionRecall":{"success":{"recall":1,"precision":1}},"count":32},"Cat":{"count":32,"precisionRecall":{"success":{"precision":1,"recall":1}}}}}}},"validationEntity":{"dataResult":{"createdDate":"2024-06-27T17:56:08Z"},"analysedDataType":"auto"},"id":"31F85369-60CE-4251-A842-6C9593079327","settingEntity":{"taskType":"imageClassifier","augmentations":["addNoise"],"featureNames":[],"iterationCount":65,"harVideoAugmentations":0,"handActionClassifierAugmentations":[],"algorithmType":"maxEnt","seedType":"default","featureExtractorType":"scenePrintV2","transferLearningEmbeddingType":"dynamic","styleTransferAlgorithmType":"image","handPoseClassifierAugmentations":[]},"activityEntities":["trainingStarted",[{"title":"Training Started","id":"496ECC1E-D935-47A3-819B-FF69AEAC5D2F","event":"trainingStarted","subtitle":"25 iterations","createdDate":"2024-06-27T17:58:38Z"}],"snapshotDeleted",[{"createdDate":"2024-06-27T18:04:32Z","id":"80B866DC-FAD7-4036-82A2-38C06F3F661B","title":"Snapshot Deleted","subtitle":"Snapshot at iteration 25 deleted","event":"snapshotDeleted"}],"trainingFinished",[{"event":"trainingFinished","subtitle":"Model converged at 8 iterations","title":"Training Completed","createdDate":"2024-06-28T04:25:32Z","id":"3F956125-06BA-4B7F-84F9-4E3F06469A17"}],"trainingDataAdded",[{"createdDate":"2024-06-27T17:56:43Z","title":"Training Data Added","event":"trainingDataAdded","id":"076B9B7F-B015-4E6F-A2CB-F15D6DA113D5","subtitle":"Training Data"}],"trainingExtended",[{"createdDate":"2024-06-27T17:59:04Z","id":"3C126020-95A1-4005-82C8-08B6627AE1EC","event":"trainingExtended","subtitle":"20 more iterations","title":"Training Extended"},{"subtitle":"20 more iterations","event":"trainingExtended","title":"Training Extended","id":"AD96FB40-BB5E-4C2B-B9C8-186DC50BC0FB","createdDate":"2024-06-28T04:25:32Z"}],"experimentCreated",[{"event":"experimentCreated","createdDate":"2024-06-27T17:56:08Z","subtitle":"AnimalRecognition 1","title":"Model Source Created","id":"9281808B-C99E-4D36-B891-CEB7D7D8E446"}],"evaluationStarted",[{"title":"Testing Started","subtitle":"AnimalRecognition 1","createdDate":"2024-06-27T17:58:42Z","event":"evaluationStarted","id":"346CDEE3-9911-4C2E-B9E4-805831B0D136"},{"createdDate":"2024-06-27T17:59:06Z","title":"Testing Started","subtitle":"AnimalRecognition 1","id":"839C947E-6F4D-43F3-814A-90412C3A1870","event":"evaluationStarted"},{"createdDate":"2024-06-28T04:25:34Z","title":"Testing Started","id":"40631760-AF0B-47B4-8D6E-D8B376D71E36","event":"evaluationStarted","subtitle":"AnimalRecognition 1"}],"snapshotCreated",[{"id":"9EF742EA-E521-4846-8A82-5B5559CECD72","createdDate":"2024-06-27T17:59:04Z","title":"Snapshot Saved","event":"snapshotCreated","subtitle":"Snapshot created at iteration 25"},{"createdDate":"2024-06-28T04:25:32Z","id":"BAA3365E-7835-48FA-8691-F22531D5E3C5","event":"snapshotCreated","subtitle":"Snapshot created at iteration 50","title":"Snapshot Saved"}],"evaluationFinished",[{"subtitle":"AnimalRecognition 1","createdDate":"2024-06-27T17:58:42Z","id":"0EFA2FE3-2602-4EBE-835D-77652C9877DA","title":"Testing Completed","event":"evaluationFinished"},{"createdDate":"2024-06-27T17:59:07Z","title":"Testing Completed","id":"D564CAF8-8422-47B7-BBA8-A21C465DA079","event":"evaluationFinished","subtitle":"AnimalRecognition 1"},{"event":"evaluationFinished","title":"Testing Completed","subtitle":"AnimalRecognition 1","id":"F7253BB2-B72D-437E-BE71-13E06F6DBD5F","createdDate":"2024-06-28T04:25:35Z"}]],"evaluationState":"evaluated","snapshotRole":{"withSnapshots":["42C5A869-FDB6-4CB7-93CC-5ADF171311DC"]},"evaluationEntity":{"id":"e6cc25c1-24d5-42ec-b3d3-5f06066e32a0","dataResult":{},"analysedDataType":"none"}}